dist_no,dist_lo,dist_med,dist_hi,dist_empirical
0,0,0,0,0.04522444
0,0,0,0,0.04522444
0,0,0,0,0.084593144
0,0,0,0,0.098045908
0,0,0,0,0.098045908
0,0,0,0,0.104581308
0,0,0,0,0.143513937
0,0,0,0,0.143513937
0,0,0,0,0.158310612
0,0,0,0,0.163101962
0,0,0,0,0.176638048
0,0,0,0,0.193023315
0,0,0,0,0.209211018
0,0,0,0,0.228973798
0,0,0,0,0.228973798
0,0,0,0,0.325555679
0,0,0,0,0.342450726
0,0,0,0,0.342450726
0,0,0,0,0.349091679
0,0,0,0,0.356871475
0,0,0,0,0.395596069
0,0,0,0,0.40002
0,0,0,0,0.418202104
0,0,0,0,0.457111857
0,0,0,0,0.457111857
0,0,0,0,0.465052685
0,0,0,0,0.562528444
0,0,0,0,0.64156313
0,0,0,0,0.672500743
0,0,0,0,0.713794438
0,0,0,0,0.745655752
0,0,0,0,0.760098184
0,0,0,0,0.848809166
0,0,0,0,0.854108453
0,0,0,0,0.854182797
0,0,0,0,0.854182797
0,0,0,0,0.871777638
0,0,0,0,0.917539236
0,0,0,0,0.956330618
0,0,0,0,1.016847211
0,0,0,0,1.116731839
0,0,0,0,1.138642723
0,0,0,0,1.138642723
0,0,0,0,1.169350781
0,0,0,0,1.204953319
0,0,0,0,1.276977095
0,0,0,0,1.288984581
0,0,0,0,1.438174277
0,0,0,0,1.44068456
0,0,0,0,1.466929617
0,0,0,0,1.588987099
0,0,0,0,1.604067096
0,0,0,0,1.619685309
0,0,0,0,1.633222964
0,0,0,0,1.65273962
0,0,0,0,1.699134633
0,0,0,0,1.699134633
0,0,0,0,1.70654285
0,0,0,0,1.733212696
0,0,0,0,1.733212696
0,0,0,0,1.756724011
0,0,0,0,1.887703896
0,0,0,0,1.973027939
0,0,0,0,1.976989694
0,0,0,0,2.023317202
0,0,0,0,2.034821982
0,0,0,0,2.076855436
0,0,0,0,2.088368382
0,0,0,0,2.341360555
0,0,0,0,2.558634988
0,0,0,0,2.7038676
0,0,0,0,2.729300506
0,0,0,0,2.833873365
0,0,0,0,2.843049507
0,0,0,0,3.019894576
0,0,0,0,3.020515891
0,0,0,0,3.022728072
0,0,0,0,3.035723966
0,0,0,0,3.151479216
0,0,0,0,3.15949636
0,0,0,0,3.161660402
0,0,0,0,3.252025407
0,0,0,0,3.292391836
0,0,0,0,3.311266714
0,0,0,0,3.331493997
0,0,0,0,3.332952032
0,0,0,0,3.683591759
0,0,0,0,3.866725391
0,0,0,0,3.916435241
0,0,0,0,4.024286272
0,0,0,0,4.074498282
0,0,0,0,4.096778155
0,0,0,0,4.14084777
0,0,0,0,4.199800858
0,0,0,0,4.543353937
0,0,0,0,4.618745744
0,0,0,0,4.656829635
0,0,0,0,4.788825169
0,0,0,0,5.158933732
0,0,0,0,5.191621351
0,0,0,0,5.450678536
0,0,0,0,5.454498419
0,0,0,0,5.625599213
0,0,0,0,5.757645026
0,0,0,0,5.944793289
0,0,0,0,6.182372886
0,0,0,0,6.334890863
0,0,0,0,6.644194628
0,0,0,0,6.784317394
0,0,0,0,7.080748725
0,0,0,0,7.428369825
0,0,0,0,7.470592363
0,0,0,0,7.703310409
0,0,0,0,8.414378602
0,0,0,0,8.700695734
0,0,0,0,8.741844771
0,0,0,0,9.305341961
0,0,0,0,9.677733051
0,0,0,0,13.46052452
0,0,0,0,16.37737684
0,0,0,0,NA
0,0,0,0,NA
0,0,0,0,NA
0,0,0,0,NA
0,0,0,0,NA
0,0,0,0,NA
0,0,0,0,NA
0,0,0,0,NA
0,0,0,0,NA
0,0,0,0,NA
0,0,0,0,NA
0,0,0,0,NA
0,0,0,0,NA
0,0,0,0,NA
0,0,0,0,NA
0,0,0,0,NA
0,0,0,0,NA
0,0,0,0,NA
0,0,0,0,NA
0,0,0,0,NA
0,0,0,0,NA
0,0,0,0,NA
0,0,0,0,NA
0,0,0,0,NA
0,0,0,0,NA
0,0,0,0,NA
0,0,0,0,NA
0,0,0,0,NA
0,0,0,0,NA
0,0,0,0,NA
0,0,0,0,NA
0,0,0,0,NA
0,0,0,0,NA
0,0,0,0,NA
0,0,0,0,NA
0,0,0,0,NA
0,0,0,0,NA
0,0,0,0,NA
0,0,0,0,NA
0,0,0,0,NA
0,0,0,0,NA
0,0,0,0,NA
0,0,0,0,NA
0,0,0,0,NA
0,0,0,0,NA
0,0,0,0,NA
0,0,0,0,NA
0,0,0,0,NA
0,0,0,0,NA
0,0,0,0,NA
0,0,0,0,NA
0,0,0,0,NA
0,0,0,0,NA
0,0,0,0,NA
0,0,0,0,NA
0,0,0,0,NA
0,0,0,0,NA
0,0,0,0,NA
0,0,0,0,NA
0,0,0,0,NA
0,0,0,0,NA
0,0,0,0,NA
0,0,0,0,NA
0,0,0,0,NA
0,0,0,0,NA
0,0,0,0,NA
0,0,0,0,NA
0,0,0,0,NA
0,0,0,0,NA
0,0,0,0,NA
0,0,0,0,NA
0,0,0,0,NA
0,0,0,0,NA
0,0,0,0,NA
0,0,0,0,NA
0,0,0,0,NA
0,0,0,0,NA
0,0,0,0,NA
0,0,0,0,NA
0,0,0,0,NA
0,0,0,0,NA
0,0,0,0,NA
0,0,0,0,NA
0,0,0,0,NA
0,0,0,0,NA
0,0,0,0,NA
0,0,0,0,NA
0,0,0,0,NA
0,0,0,0,NA
0,0,0,0,NA
0,0,0,0,NA
0,0,0,0,NA
0,0,0,0,NA
0,0,0,0,NA
0,0,0,0,NA
0,0,0,0,NA
0,0,0,0,NA
0,0,0,0,NA
0,0,0,0,NA
0,0,0,0,NA
0,0,0,0,NA
0,0,0,0,NA
0,0,0,0,NA
0,0,0,0,NA
0,0,0,0,NA
0,0,0,0,NA
0,0,0,0,NA
0,0,0,0,NA
0,0,0,0,NA
0,0,0,0,NA
0,0,0,0,NA
0,0,0,0,NA
0,0,0,0,NA
0,0,0,0,NA
0,0,0,0,NA
0,0,0,0,NA
0,0,0,0,NA
0,0,0,0,NA
0,0,0,0,NA
0,0,0,0,NA
0,0,0,0,NA
0,0,0,0,NA
0,0,0,0,NA
0,0,0,0,NA
0,0,0,0,NA
0,0,0,0,NA
0,0,0,0,NA
0,0,0,0,NA
0,0,0,0,NA
0,0,0,0,NA
0,0,0,0,NA
0,0,0,0,NA
0,0,0,0,NA
0,0,0,0,NA
0,0,0,0,NA
0,0,0,0,NA
0,0,0,0,NA
0,0,0,0,NA
0,0,0,0,NA
0,0,0,0,NA
0,0,0,0,NA
0,0,0,0,NA
0,0,0,0,NA
0,0,0,0,NA
0,0,0,0,NA
0,0,0,0,NA
0,0,0,0,NA
0,0,0,0,NA
0,0,0,0,NA
0,0,0,0,NA
0,0,0,0,NA
0,0,0,0,NA
0,0,0,0,NA
0,0,0,0,NA
0,0,0,0,NA
0,0,0,0,NA
0,0,0,0,NA
0,0,0,0,NA
0,0,0,0,NA
0,0,0,0,NA
0,0,0,0,NA
0,0,0,0,NA
0,0,0,0,NA
0,0,0,0,NA
0,0,0,0,NA
0,0,0,0,NA
0,0,0,0,NA
0,0,0,0,NA
0,0,0,0,NA
0,0,0,0,NA
0,0,0,0,NA
0,0,0,0,NA
0,0,0,0,NA
0,0,0,0,NA
0,0,0,0,NA
0,0,0,0,NA
0,0,0,0,NA
0,0,0,0,NA
0,0,0,0,NA
0,0,0,0,NA
0,0,0,0,NA
0,0,0,0,NA
0,0,0,0,NA
0,0,0,0,NA
0,0,0,0,NA
0,0,0,0,NA
0,0,0,0,NA
0,0,0,0,NA
0,0,0,0,NA
0,0,0,0,NA
0,0,0,0,NA
0,0,0,0,NA
0,0,0,0,NA
0,0,0,0,NA
0,0,0,0,NA
0,0,0,0,NA
0,0,0,0,NA
0,0,0,0,NA
0,0,0,0,NA
0,0,0,0,NA
0,0,0,0,NA
0,0,0,0,NA
0,0,0,0,NA
0,0,0,0,NA
0,0,0,0,NA
0,0,0,0,NA
0,0,0,0,NA
0,0,0,0,NA
0,0,0,0,NA
0,0,0,0,NA
0,0,0,0,NA
0,0,0,0,NA
0,0,0,0,NA
0,0,0,0,NA
0,0,0,0,NA
0,0,0,0,NA
0,0,0,0,NA
0,0,0,0,NA
0,0,0,0,NA
0,0,0,0,NA
0,0,0,0,NA
0,0,0,0,NA
0,0,0,0,NA
0,0,0,0,NA
0,0,0,0,NA
0,0,0,0,NA
0,0,0,0,NA
0,0,0,0,NA
0,0,0,0,NA
0,0,0,0,NA
0,0,0,0,NA
0,0,0,0,NA
0,0,0,0,NA
0,0,0,0,NA
0,0,0,0,NA
0,0,0,0,NA
0,0,0,0,NA
0,0,0,0,NA
0,0,0,0,NA
0,0,0,0,NA
0,0,0,0,NA
0,0,0,0,NA
0,0,0,0,NA
0,0,0,0,NA
0,0,0,0,NA
0,0,0,0,NA
0,0,0,0,NA
0,0,0,0,NA
0,0,0,0,NA
0,0,0,0,NA
0,0,0,0,NA
0,0,0,0,NA
0,0,0,0,NA
0,0,0,0,NA
0,0,0,0,NA
0,0,0,0,NA
0,0,0,0,NA
0,0,0,0,NA
0,0,0,0,NA
0,0,0,0,NA
0,0,0,0,NA
0,0,0,0,NA
0,0,0,0,NA
0,0,0,0,NA
0,0,0,0,NA
0,0,0,0,NA
0,0,0,0,NA
0,0,0,0,NA
0,0,0,0,NA
0,0,0,0,NA
0,0,0,0,NA
0,0,0,0,NA
0,0,0,0,NA
0,0,0,0,NA
0,0,0,0,NA
0,0,0,0,NA
0,0,0,0,NA
0,0,0,0,NA
0,0,0,0,NA
0,0,0,0,NA
0,0,0,0,NA
0,0,0,0,NA
0,0,0,0,NA
0,0,0,0,NA
0,0,0,0,NA
0,0,0,0,NA
0,0,0,0,NA
0,0,0,0,NA
0,0,0,0,NA
0,0,0,0,NA
0,0,0,0,NA
0,0,0,0,NA
0,0,0,0,NA
0,0,0,0,NA
0,0,0,0,NA
0,0,0,0,NA
0,0,0,0,NA
0,0,0,0,NA
0,0,0,0,NA
0,0,0,0,NA
0,0,0,0,NA
0,0,0,0,NA
0,0,0,0,NA
0,0,0,0,NA
0,0,0,0,NA
0,0,0,0,NA
0,0,0,0,NA
0,0,0,0,NA
0,0,0,0,NA
0,0,0,0,NA
0,0,0,0,NA
0,0,0,0,NA
0,0,0,0,NA
0,0,0,0,NA
0,0,0,0,NA
0,0,0,0,NA
0,0,0,0,NA
0,0,0,0,NA
0,0,0,0,NA
0,0,0,0,NA
0,0,0,0,NA
0,0,0,0,NA
0,0,0,0,NA
0,0,0,0,NA
0,0,0,0,NA
0,0,0,0,NA
0,0,0,0,NA
0,0,0,0,NA
0,0,0,0,NA
0,0,0,0,NA
0,0,0,0,NA
0,0,0,0,NA
0,0,0,0,NA
0,0,0,0,NA
0,0,0,0,NA
0,0,0,0,NA
0,0,0,0,NA
0,0,0,0,NA
0,0,0,0,NA
0,0,0,0,NA
0,0,0,0,NA
0,0,0,0,NA
0,0,0,0,NA
0,0,0,0,NA
0,0,0,0,NA
0,0,0,0,NA
0,0,0,0,NA
0,0,0,0,NA
0,0,0,0,NA
0,0,0,0,NA
0,0,0,0,NA
0,0,0,0,NA
0,0,0,0,NA
0,0,0,0,NA
0,0,0,0,NA
0,0,0,0,NA
0,0,0,0,NA
0,0,0,0,NA
0,0,0,0,NA
0,0,0,0,NA
0,0,0,0,NA
0,0,0,0,NA
0,0,0,0,NA
0,0,0,0,NA
0,0,0,0,NA
0,0,0,0,NA
0,0,0,0,NA
0,0,0,0,NA
0,0,0,0,NA
0,0,0,0,NA
0,0,0,0,NA
0,0,0,0,NA
0,0,0,0,NA
0,0,0,0,NA
0,0,0,0,NA
0,0,0,0,NA
0,0,0,0,NA
0,0,0,0,NA
0,0,0,0,NA
0,0,0,0,NA
0,0,0,0,NA
0,0,0,0,NA
0,0,0,0,NA
0,0,0,0,NA
0,0,0,0,NA
0,0,0,0,NA
0,0,0,0,NA
0,0,0,0,NA
0,0,0,0,NA
0,0,0,0,NA
0,0,0,0,NA
0,0,0,0,NA
0,0,0,0,NA
0,0,0,0,NA
0,0,0,0,NA
0,0,0,0,NA
0,0,0,0,NA
0,0,0,0,NA
0,0,0,0,NA
0,0,0,0,NA
0,0,0,0,NA
0,0,0,0,NA
0,0,0,0,NA
0,0,0,0,NA
0,0,0,0,NA
0,0,0,0,NA
0,0,0,0,NA
0,0,0,0,NA
0,0,0,0,NA
0,0,0,0,NA
0,0,0,0,NA
0,0,0,0,NA
0,0,0,0,NA
0,0,0,0,NA
0,0,0,0,NA
0,0,0,0,NA
0,0,0,0,NA
0,0,0,0,NA
0,0,0,0,NA
0,0,0,0,NA
0,0,0,0,NA
0,0,0,0,NA
0,0,0,0,NA
0,0,0,0,NA
0,0,0,0,NA
0,0,0,0,NA
0,0,0,0,NA
0,0,0,0,NA
0,0,0,0,NA
0,0,0,0,NA
0,0,0,0,NA
0,0,0,0,NA
0,0,0,0,NA
0,0,0,0,NA
0,0,0,0,NA
0,0,0,0,NA
0,0,0,0,NA
0,0,0,0,NA
0,0,0,0,NA
0,0,0,0,NA
0,0,0,0,NA
0,0,0,0,NA
0,0,0,0,NA
0,0,0,0,NA
0,0,0,0,NA
0,0,0,0,NA
0,0,0,0,NA
0,0,0,0,NA
0,0,0,0,NA
0,0,0,0,NA
0,0,0,0,NA
0,0,0,0,NA
0,0,0,0,NA
0,0,0,0,NA
0,0,0,0,NA
0,0,0,0,NA
0,0,0,0,NA
0,0,0,0,NA
0,0,0,0,NA
0,0,0,0,NA
0,0,0,0,NA
0,0,0,0,NA
0,0,0,0,NA
0,0,0,0,NA
0,0,0,0,NA
0,0,0,0,NA
0,0,0,0,NA
0,0,0,0,NA
0,0,0,0,NA
0,0,0,0,NA
0,0,0,0,NA
0,0,0,0,NA
0,0,0,0,NA
0,0,0,0,NA
0,0,0,0,NA
0,0,0,0,NA
0,0,0,0,NA
0,0,0,0,NA
0,0,0,0,NA
0,0,0,0,NA
0,0,0,0,NA
0,0,0,0,NA
0,0,0,0,NA
0,0,0,0,NA
0,0,0,0,NA
0,0,0,0,NA
0,0,0,0,NA
0,0,0,0,NA
0,0,0,0,NA
0,0,0,0,NA
0,0,0,0,NA
0,0,0,0,NA
0,0,0,0,NA
0,0,0,0,NA
0,0,0,0,NA
0,0,0,0,NA
0,0,0,0,NA
0,0,0,0,NA
0,0,0,0,NA
0,0,0,0,NA
0,0,0,0,NA
0,0,0,0,NA
0,0,0,0,NA
0,0,0,0,NA
0,0,0,0,NA
0,0,0,0,NA
0,0,0,0,NA
0,0,0,0,NA
0,0,0,0,NA
0,0,0,0,NA
0,0,0,0,NA
0,0,0,0,NA
0,0,0,0,NA
0,0,0,0,NA
0,0,0,0,NA
0,0,0,0,NA
0,0,0,0,NA
0,0,0,0,NA
0,0,0,0,NA
0,0,0,0,NA
0,0,0,0,NA
0,0,0,0,NA
0,0,0,0,NA
0,0,0,0,NA
0,0,0,0,NA
0,0,0,0,NA
0,0,0,0,NA
0,0,0,0,NA
0,0,0,0,NA
0,0,0,0,NA
0,0,0,0,NA
0,0,0,0,NA
0,0,0,0,NA
0,0,0,0,NA
0,0,0,0,NA
0,0,0,0,NA
0,0,0,0,NA
0,0,0,0,NA
0,0,0,0,NA
0,0,0,0,NA
0,0,0,0,NA
0,0,0,0,NA
0,0,0,0,NA
0,0,0,0,NA
0,0,0,0,NA
0,0,0,0,NA
0,0,0,0,NA
0,0,0,0,NA
0,0,0,0,NA
0,0,0,0,NA
0,0,0,0,NA
0,0,0,0,NA
0,0,0,0,NA
0,0,0,0,NA
0,0,0,0,NA
0,0,0,0,NA
0,0,0,0,NA
0,0,0,0,NA
0,0,0,0,NA
0,0,0,0,NA
0,0,0,0,NA
0,0,0,0,NA
0,0,0,0,NA
0,0,0,0,NA
0,0,0,0,NA
0,0,0,0,NA
0,0,0,0,NA
0,0,0,0,NA
0,0,0,0,NA
0,0,0,0,NA
0,0,0,0,NA
0,0,0,0,NA
0,0,0,0,NA
0,0,0,0,NA
0,0,0,0,NA
0,0,0,0,NA
0,0,0,0,NA
0,0,0,0,NA
0,0,0,0,NA
0,0,0,0,NA
0,0,0,0,NA
0,0,0,0,NA
0,0,0,0,NA
0,0,0,0,NA
0,0,0,0,NA
0,0,0,0,NA
0,0,0,0,NA
0,0,0,0,NA
0,0,0,0,NA
0,0,0,0,NA
0,0,0,0,NA
0,0,0,0,NA
0,0,0,0,NA
0,0,0,0,NA
0,0,0,0,NA
0,0,0,0,NA
0,0,0,0,NA
0,0,0,0,NA
0,0,0,0,NA
0,0,0,0,NA
0,0,0,0,NA
0,0,0,0,NA
0,0,0,0,NA
0,0,0,0,NA
0,0,0,0,NA
0,0,0,0,NA
0,0,0,0,NA
0,0,0,0,NA
0,0,0,0,NA
0,0,0,0,NA
0,0,0,0,NA
0,0,0,0,NA
0,0,0,0,NA
0,0,0,0,NA
0,0,0,0,NA
0,0,0,0,NA
0,0,0,0,NA
0,0,0,0,NA
0,0,0,0,NA
0,0,0,0,NA
0,0,0,0,NA
0,0,0,0,NA
0,0,0,0,NA
0,0,0,0,NA
0,0,0,0,NA
0,0,0,0,NA
0,0,0,0,NA
0,0,0,0,NA
0,0,0,0,NA
0,0,0,0,NA
0,0,0,0,NA
0,0,0,0,NA
0,0,0,0,NA
0,0,0,0,NA
0,0,0,0,NA
0,0,0,0,NA
0,0,0,0,NA
0,0,0,0,NA
0,0,0,0,NA
0,0,0,0,NA
0,0,0,0,NA
0,0,0,0,NA
0,0,0,0,NA
0,0,0,0,NA
0,0,0,0,NA
0,0,0,0,NA
0,0,0,0,NA
0,0,0,0,NA
0,0,0,0,NA
0,0,0,0,NA
0,0,0,0,NA
0,0,0,0,NA
0,0,0,0,NA
0,0,0,0,NA
0,0,0,0,NA
0,0,0,0,NA
0,0,0,0,NA
0,0,0,0,NA
0,0,0,0,NA
0,0,0,0,NA
0,0,0,0,NA
0,0,0,0,NA
0,0,0,0,NA
0,0,0,0,NA
0,0,0,0,NA
0,0,0,0,NA
0,0,0,0,NA
0,0,0,0,NA
0,0,0,0,NA
0,0,0,0,NA
0,0,0,0,NA
0,0,0,0,NA
0,0,0,0,NA
0,0,0,0,NA
0,0,0,0,NA
0,0,0,0,NA
0,0,0,0,NA
0,0,0,0,NA
0,0,0,0,NA
0,0,0,0,NA
0,0,0,0,NA
0,0,0,0,NA
0,0,0,0,NA
0,0,0,0,NA
0,0,0,0,NA
0,0,0,0,NA
0,0,0,0,NA
0,0,0,0,NA
0,0,0,0,NA
0,0,0,0,NA
0,0,0,0,NA
0,0,0,0,NA
0,0,0,0,NA
0,0,0,0,NA
0,0,0,0,NA
0,0,0,0,NA
0,0,0,0,NA
0,0,0,0,NA
0,0,0,0,NA
0,0,0,0,NA
0,0,0,0,NA
0,0,0,0,NA
0,0,0,0,NA
0,0,0,0,NA
0,0,0,0,NA
0,0,0,0,NA
0,0,0,0,NA
0,0,0,0,NA
0,0,0,0,NA
0,0,0,0,NA
0,0,0,0,NA
0,0,0,0,NA
0,0,0,0,NA
0,0,0,0,NA
0,0,0,0,NA
0,0,0,0,NA
0,0,0,0,NA
0,0,0,0,NA
0,0,0,0,NA
0,0,0,0,NA
0,0,0,0,NA
0,0,0,0,NA
0,0,0,0,NA
0,0,0,0,NA
0,0,0,0,NA
0,0,0,0,NA
0,0,0,0,NA
0,0,0,0,NA
0,0,0,0,NA
0,0,0,0,NA
0,0,0,0,NA
0,0,0,0,NA
0,0,0,0,NA
0,0,0,0,NA
0,0,0,0,NA
0,0,0,0,NA
0,0,0,0,NA
0,0,0,0,NA
0,0,0,0,NA
0,0,0,0,NA
0,0,0,0,NA
0,0,0,0,NA
0,0,0,0,NA
0,0,0,0,NA
0,0,0,0,NA
0,0,0,0,NA
0,0,0,0,NA
0,0,0,0,NA
0,0,0,0,NA
0,0,0,0,NA
0,0,0,0,NA
0,0,0,0,NA
0,0,0,0,NA
0,0,0,0,NA
0,0,0,0,NA
0,0,0,0,NA
0,0,0,0,NA
0,0,0,0,NA
0,0,0,0,NA
0,0,0,0,NA
0,0,0,0,NA
0,0,0,0,NA
0,0,0,0,NA
0,0,0,0,NA
0,0,0,0,NA
0,0,0,0,NA
0,0,0,0,NA
0,0,0,0,NA
0,0,0,0,NA
0,0,0,0,NA
0,0,0,0,NA
0,0,0,0,NA
0,0,0,0,NA
0,0,0,0,NA
0,0,0,0,NA
0,0,0,0,NA
0,0,0,0,NA
0,0,0,0,NA
0,0,0,0,NA
0,0,0,0,NA
0,0,0,0,NA
0,0,0,0,NA
0,0,0,0,NA
0,0,0,0,NA
0,0,0,0,NA
0,0,0,0,NA
0,0,0,0,NA
0,0,0,0,NA
0,0,0,0,NA
0,0,0,0,NA
0,0,0,0,NA
0,0,0,0,NA
0,0,0,0,NA
0,0,0,0,NA
0,0,0,0,NA
0,0,0,0,NA
0,0,0,0,NA
0,0,0,0,NA
0,0,0,0,NA
0,0,0,0,NA
0,0,0,0,NA
0,0,0,0,NA
0,0,0,0,NA
0,0,0,0,NA
0,0,0,0,NA
0,0,0,0,NA
0,0,0,0,NA
0,0,0,0,NA
0,0,0,0,NA
0,0,0,0,NA
0,0,0,0,NA
0,0,0,0,NA
0,0,0,0,NA
0,0,0,0,NA
0,0,0,0,NA
0,0,0,0,NA
0,0,0,0,NA
0,0,0,0,NA
0,0,0,0,NA
0,0,0,0,NA
0,0,0,0,NA
0,0,0,0,NA
0,0,0,0,NA
0,0,0,0,NA
0,0,0,0,NA
0,0,0,0,NA
0,0,0,0,NA
0,0,0,0,NA
0,0,0,0,NA
0,0,0,0,NA
0,0,0,0,NA
0,0,0,0,NA
0,0,0,0,NA
0,0,0,0,NA
0,0,0,0,NA
0,0,0,0,NA
0,0,0,0,NA
0,0,0,0,NA
0,0,0,0,NA
0,0,0,0,NA
0,0,0,0,NA
0,0,0,0,NA
0,0,0,0,NA
0,0,0,0,NA
0,0,0,0,NA
0,0,0,0,NA
0,0,0,0,NA
0,0,0,0,NA
0,0,0,0,NA
0,0,0,0,NA
0,0,0,0,NA
0,0,0,0,NA
0,0,0,0,NA
0,0,0,0,NA
0,0,0,0,NA
0,0,0,0,NA
0,0,0,0,NA
0,0,0,0,NA
0,0,0,0,NA
0,0,0,0,NA
0,0,0,0,NA
0,0,0,0,NA
0,0,0,0,NA
0,0,0,0,NA
0,0,0,0,NA
0,0,0,0,NA
0,0,0,0,NA
0,0,0,0,NA
0,0,0,0,NA
0,0,0,0,NA
0,0,0,0,NA
0,0,0,0,NA
0,0,0,0,NA
0,0,0,0,NA
0,0,0,0,NA
0,0,0,0,NA
0,0,0,0,NA
0,0,0,0,NA
0,0,0,0,NA
0,0,0,0,NA
0,0,0,0,NA
0,0,0,0,NA
0,0,0,0,NA
0,0,0,0,NA
0,0,0,0,NA
0,0,0,0,NA
0,0,0,0,NA
0,0,0,0,NA
0,0,0,0,NA
0,0,0,0,NA
0,0,0,0,NA
0,0,0,0,NA
0,0,0,0,NA
0,0,0,0,NA
0,0,0,0,NA
0,0,0,0,NA
0,0,0,0,NA
0,0,0,0,NA
0,0,0,0,NA
0,0,0,0,NA
0,0,0,0,NA
0,0,0,0,NA
0,0,0,0,NA
0,0,0,0,NA
0,0,0,0,NA
0,0,0,0,NA
0,0,0,0,NA
0,0,0,0,NA
0,0,0,0,NA
0,0,0,0,NA
0,0,0,0,NA
0,0,0,0,NA
0,0,0,0,NA
0,0,0,0,NA
0,0,0,0,NA
0,0,0,0,NA
0,0,0,0,NA
0,0,0,0,NA
0,0,0,0,NA
0,0,0,0,NA
0,0,0,0,NA
0,0,0,0,NA
0,0,0,0,NA
0,0,0,0,NA
0,0,0,0,NA
0,0,0,0,NA
0,0,0,0,NA
0,0,0,0,NA
0,0,0,0,NA
0,0,0,0,NA
0,0,0,0,NA
0,0,0,0,NA
0,0,0,0,NA
0,0,0,0,NA
0,0,0,0,NA
0,0,0,0,NA
0,0,0,0,NA
0,0,0,0,NA
0,0,0,0,NA
0,0,0,0,NA
0,0,0,0,NA
0,0,0,0,NA
0,0,0,0,NA
0,0,0,0,NA
0,0,0,0,NA
0,0,0,0,NA
0,0,0,0,NA
0,0,0,0,NA
0,0,0,0,NA
0,0,0,0,NA
0,0,0,0,NA
0,0,0,0,NA
0,0,0,0,NA
0,0,0,0,NA
0,0,0,0,NA
0,0,0,0,NA
0,0,0,0,NA
0,0,0,0,NA
0,0,0,0,NA
0,0,0,0,NA
0,0,0,0,NA
0,0,0,0,NA
0,0,0,0,NA
0,0,0,0,NA
0,0,0,0,NA
0,0,0,0,NA
0,0,0,0,NA
0,0,0,0,NA
0,0,0,0,NA
0,0,0,0,NA
0,0,0,0,NA
0,0,0,0,NA
0,0,0,0,NA
0,0,0,0,NA
0,0,0,0,NA
0,0,0,0,NA
0,0,0,0,NA
0,0,0,0,NA
0,0,0,0,NA
0,0,0,0,NA
0,0,0,0,NA
0,0,0,0,NA
0,0,0,0,NA
0,0,0,0,NA
0,0,0,0,NA
0,0,0,0,NA
0,0,0,0,NA
0,0,0,0,NA
0,0,0,0,NA
0,0,0,0,NA
0,0,0,0,NA
0,0,0,0,NA
0,0,0,0,NA
0,0,0,0,NA
0,0,0,0,NA
0,0,0,0,NA
0,0,0,0,NA
0,0,0,0,NA
0,0,0,0,NA
0,0,0,0,NA
0,0,0,0,NA
0,0,0,0,NA
0,0,0,0,NA
0,0,0,0,NA
0,0,0,0,NA
0,0,0,0,NA
0,0,0,0,NA
0,0,0,0,NA
0,0,0,0,NA
0,0,0,0,NA
0,0,0,0,NA
0,0,0,0,NA
0,0,0,0,NA
0,0,0,0,NA
0,0,0,0,NA
0,0,0,0,NA
0,0,0,0,NA
0,0,0,0,NA
0,0,0,0,NA
0,0,0,0,NA
0,0,0,0,NA
0,0,0,0,NA
0,0,0,0,NA
0,0,0,0,NA
0,0,0,0,NA
0,0,0,0,NA
0,0,0,0,NA
0,0,0,0,NA
0,0,0,0,NA
0,0,0,0,NA
0,0,0,0,NA
0,0,0,0,NA
0,0,0,0,NA
0,0,0,0,NA
0,0,0,0,NA
0,0,0,0,NA
0,0,0,0,NA
0,0,0,0,NA
0,0,0,0,NA
0,0,0,0,NA
0,0,0,0,NA
0,0,0,0,NA
0,0,0,0,NA
0,0,0,0,NA
0,0,0,0,NA
0,0,0,0,NA
0,0,0,0,NA
0,0,0,0,NA
0,0,0,0,NA
0,0,0,0,NA
0,0,0,0,NA
0,0,0,0,NA
0,0,0,0,NA
0,0,0,0,NA
0,0,0,0,NA
0,0,0,0,NA
0,0,0,0,NA
0,0,0,0,NA
0,0,0,0,NA
0,0,0,0,NA
0,0,0,0,NA
0,0,0,0,NA
0,0,0,0,NA
0,0,0,0,NA
0,0,0,0,NA
0,0,0,0,NA
0,0,0,0,NA
0,0,0,0,NA
0,0,0,0,NA
0,0,0,0,NA
0,0,0,0,NA
0,0,0,0,NA
0,0,0,0,NA
0,0,0,0,NA
0,0,0,0,NA
0,0,0,0,NA
0,0,0,0,NA
0,0,0,0,NA
0,0,0,0,NA
0,0,0,0,NA
0,0,0,0,NA
0,0,0,0,NA
0,0,0,0,NA
0,0,0,0,NA
0,0,0,0,NA
0,0,0,0,NA
0,0,0,0,NA
0,0,0,0,NA
0,0,0,0,NA
0,0,0,0,NA
0,0,0,0,NA
0,0,0,0,NA
0,0,0,0,NA
0,0,0,0,NA
0,0,0,0,NA
0,0,0,0,NA
0,0,0,0,NA
0,0,0,0,NA
0,0,0,0,NA
0,0,0,0,NA
0,0,0,0,NA
0,0,0,0,NA
0,0,0,0,NA
0,0,0,0,NA
0,0,0,0,NA
0,0,0,0,NA
0,0,0,0,NA
0,0,0,0,NA
0,0,0,0,NA
0,0,0,0,NA
0,0,0,0,NA
0,0,0,0,NA
0,0,0,0,NA
0,0,0,0,NA
0,0,0,0,NA
0,0,0,0,NA
0,0,0,0,NA
0,0,0,0,NA
0,0,0,0,NA
0,0,0,0,NA
0,0,0,0,NA
0,0,0,0,NA
0,0,0,0,NA
0,0,0,0,NA
0,0,0,0,NA
0,0,0,0,NA
0,0,0,0,NA
0,0,0,0,NA
0,0,0,0,NA
0,0,0,0,NA
0,0,0,0,NA
0,0,0,0,NA
0,0,0,0,NA
0,0,0,0,NA
0,0,0,0,NA
0,0,0,0,NA
0,0,0,0,NA
0,0,0,0,NA
0,0,0,0,NA
0,0,0,0,NA
0,0,0,0,NA
0,0,0,0,NA
0,0,0,0,NA
0,0,0,0,NA
0,0,0,0,NA
0,0,0,0,NA
0,0,0,0,NA
0,0,0,0,NA
0,0,0,0,NA
0,0,0,0,NA
0,0,0,0,NA
0,0,0,0,NA
0,0,0,0,NA
0,0,0,0,NA
0,0,0,0,NA
0,0,0,0,NA
0,0,0,0,NA
0,0,0,0,NA
0,0,0,0,NA
0,0,0,0,NA
0,0,0,0,NA
0,0,0,0,NA
0,0,0,0,NA
0,0,0,0,NA
0,0,0,0,NA
0,0,0,0,NA
0,0,0,0,NA
0,0,0,0,NA
0,0,0,0,NA
0,0,0,0,NA
0,0,0,0,NA
0,0,0,0,NA
0,0,0,0,NA
0,0,0,0,NA
0,0,0,0,NA
0,0,0,0,NA
0,0,0,0,NA
0,0,0,0,NA
0,0,0,0,NA
0,0,0,0,NA
0,0,0,0,NA
0,0,0,0,NA
0,0,0,0,NA
0,0,0,0,NA
0,0,0,0,NA
0,0,0,0,NA
0,0,0,0,NA
0,0,0,0,NA
0,0,0,0,NA
0,0,0,0,NA
0,0,0,0,NA
0,0,0,0,NA
0,0,0,0,NA
0,0,0,0,NA
0,0,0,0,NA
0,0,0,0,NA
0,0,0,0,NA
0,0,0,0,NA
0,0,0,0,NA
0,0,0,0,NA
0,0,0,0,NA
0,0,0,0,NA
0,0,0,0,NA
0,0,0,0,NA
0,0,0,0,NA
0,0,0,0,NA
0,0,0,0,NA
0,0,0,0,NA
0,0,0,0,NA
0,0,0,0,NA
0,0,0,0,NA
0,0,0,0,NA
0,0,0,0,NA
0,0,0,0,NA
0,0,0,0,NA
0,0,0,0,NA
0,0,0,0,NA
0,0,0,0,NA
0,0,0,0,NA
0,0,0,0,NA
0,0,0,0,NA
0,0,0,0,NA
0,0,0,0,NA
0,0,0,0,NA
0,0,0,0,NA
0,0,0,0,NA
0,0,0,0,NA
0,0,0,0,NA
0,0,0,0,NA
0,0,0,0,NA
0,0,0,0,NA
0,0,0,0,NA
0,0,0,0,NA
0,0,0,0,NA
0,0,0,0,NA
0,0,0,0,NA
0,0,0,0,NA
0,0,0,0,NA
0,0,0,0,NA
0,0,0,0,NA
0,0,0,0,NA
0,0,0,0,NA
0,0,0,0,NA
0,0,0,0,NA
0,0,0,0,NA
0,0,0,0,NA
0,0,0,0,NA
0,0,0,0,NA
0,0,0,0,NA
0,0,0,0,NA
0,0,0,0,NA
0,0,0,0,NA
0,0,0,0,NA
0,0,0,0,NA
0,0,0,0,NA
0,0,0,0,NA
0,0,0,0,NA
0,0,0,0,NA
0,0,0,0,NA
0,0,0,0,NA
0,0,0,0,NA
0,0,0,0,NA
0,0,0,0,NA
0,0,0,0,NA
0,0,0,0,NA
0,0,0,0,NA
0,0,0,0,NA
0,0,0,0,NA
0,0,0,0,NA
0,0,0,0,NA
0,0,0,0,NA
0,0,0,0,NA
0,0,0,0,NA
0,0,0,0,NA
0,0,0,0,NA
0,0,0,0,NA
0,0,0,0,NA
0,0,0,0,NA
0,0,0,0,NA
0,0,0,0,NA
0,0,0,0,NA
0,0,0,0,NA
0,0,0,0,NA
0,0,0,0,NA
0,0,0,0,NA
0,0,0,0,NA
0,0,0,0,NA
0,0,0,0,NA
0,0,0,0,NA
0,0,0,0,NA
0,0,0,0,NA
0,0,0,0,NA
0,0,0,0,NA
0,0,0,0,NA
0,0,0,0,NA
0,0,0,0,NA
0,0,0,0,NA
0,0,0,0,NA
0,0,0,0,NA
0,0,0,0,NA
0,0,0,0,NA
0,0,0,0,NA
0,0,0,0,NA
0,0,0,0,NA
0,0,0,0,NA
0,0,0,0,NA
0,0,0,0,NA
0,0,0,0,NA
0,0,0,0,NA
0,0,0,0,NA
0,0,0,0,NA
0,0,0,0,NA
0,0,0,0,NA
0,0,0,0,NA
0,0,0,0,NA
0,0,0,0,NA
0,0,0,0,NA
0,0,0,0,NA
0,0,0,0,NA
0,0,0,0,NA
0,0,0,0,NA
0,0,0,0,NA
0,0,0,0,NA
0,0,0,0,NA
0,0,0,0,NA
0,0,0,0,NA
0,0,0,0,NA
0,0,0,0,NA
0,0,0,0,NA
0,0,0,0,NA
0,0,0,0,NA
0,0,0,0,NA
0,0,0,0,NA
0,0,0,0,NA
0,0,0,0,NA
0,0,0,0,NA
0,0,0,0,NA
0,0,0,0,NA
0,0,0,0,NA
0,0,0,0,NA
0,0,0,0,NA
0,0,0,0,NA
0,0,0,0,NA
0,0,0,0,NA
0,0,0,0,NA
0,0,0,0,NA
0,0,0,0,NA
0,0,0,0,NA
0,0,0,0,NA
0,0,0,0,NA
0,0,0,0,NA
0,0,0,0,NA
0,0,0,0,NA
0,0,0,0,NA
0,0,0,0,NA
0,0,0,0,NA
0,0,0,0,NA
0,0,0,0,NA
0,0,0,0,NA
0,0,0,0,NA
0,0,0,0,NA
0,0,0,0,NA
0,0,0,0,NA
0,0,0,0,NA
0,0,0,0,NA
0,0,0,0,NA
0,0,0,0,NA
0,0,0,0,NA
0,0,0,0,NA
0,0,0,0,NA
0,0,0,0,NA
0,0,0,0,NA
0,0,0,0,NA
0,0,0,0,NA
0,0,0,0,NA
0,0,0,0,NA
0,0,0,0,NA
0,0,0,0,NA
0,0,0,0,NA
0,0,0,0,NA
0,0,0,0,NA
0,0,0,0,NA
0,0,0,0,NA
0,0,0,0,NA
0,0,0,0,NA
0,0,0,0,NA
0,0,0,0,NA
0,0,0,0,NA
0,0,0,0,NA
0,0,0,0,NA
0,0,0,0,NA
0,0,0,0,NA
0,0,0,0,NA
0,0,0,0,NA
0,0,0,0,NA
0,0,0,0,NA
0,0,0,0,NA
0,0,0,0,NA
0,0,0,0,NA
0,0,0,0,NA
0,0,0,0,NA
0,0,0,0,NA
0,0,0,0,NA
0,0,0,0,NA
0,0,0,0,NA
0,0,0,0,NA
0,0,0,0,NA
0,0,0,0,NA
0,0,0,0,NA
0,0,0,0,NA
0,0,0,0,NA
0,0,0,0,NA
0,0,0,0,NA
0,0,0,0,NA
0,0,0,0,NA
0,0,0,0,NA
0,0,0,0,NA
0,0,0,0,NA
0,0,0,0,NA
0,0,0,0,NA
0,0,0,0,NA
0,0,0,0,NA
0,0,0,0,NA
0,0,0,0,NA
0,0,0,0,NA
0,0,0,0,NA
0,0,0,0,NA
0,0,0,0,NA
0,0,0,0,NA
0,0,0,0,NA
0,0,0,0,NA
0,0,0,0,NA
0,0,0,0,NA
0,0,0,0,NA
0,0,0,0,NA
0,0,0,0,NA
0,0,0,0,NA
0,0,0,0,NA
0,0,0,0,NA
0,0,0,0,NA
0,0,0,0,NA
0,0,0,0,NA
0,0,0,0,NA
0,0,0,0,NA
0,0,0,0,NA
0,0,0,0,NA
0,0,0,0,NA
0,0,0,0,NA
0,0,0,0,NA
0,0,0,0,NA
0,0,0,0,NA
0,0,0,0,NA
0,0,0,0,NA
0,0,0,0,NA
0,0,0,0,NA
0,0,0,0,NA
0,0,0,0,NA
0,0,0,0,NA
0,0,0,0,NA
0,0,0,0,NA
0,0,0,0,NA
0,0,0,0,NA
0,0,0,0,NA
0,0,0,0,NA
0,0,0,0,NA
0,0,0,0,NA
0,0,0,0,NA
0,0,0,0,NA
0,0,0,0,NA
0,0,0,0,NA
0,0,0,0,NA
0,0,0,0,NA
0,0,0,0,NA
0,0,0,0,NA
0,0,0,0,NA
0,0,0,0,NA
0,0,0,0,NA
0,0,0,0,NA
0,0,0,0,NA
0,0,0,0,NA
0,0,0,0,NA
0,0,0,0,NA
0,0,0,0,NA
0,0,0,0,NA
0,0,0,0,NA
0,0,0,0,NA
0,0,0,0,NA
0,0,0,0,NA
0,0,0,0,NA
0,0,0,0,NA
0,0,0,0,NA
0,0,0,0,NA
0,0,0,0,NA
0,0,0,0,NA
0,0,0,0,NA
0,0,0,0,NA
0,0,0,0,NA
0,0,0,0,NA
0,0,0,0,NA
0,0,0,0,NA
0,0,0,0,NA
0,0,0,0,NA
0,0,0,0,NA
0,0,0,0,NA
0,0,0,0,NA
0,0,0,0,NA
0,0,0,0,NA
0,0,0,0,NA
0,0,0,0,NA
0,0,0,0,NA
0,0,0,0,NA
0,0,0,0,NA
0,0,0,0,NA
0,0,0,0,NA
0,0,0,0,NA
0,0,0,0,NA
0,0,0,0,NA
0,0,0,0,NA
0,0,0,0,NA
0,0,0,0,NA
0,0,0,0,NA
0,0,0,0,NA
0,0,0,0,NA
0,0,0,0,NA
0,0,0,0,NA
0,0,0,0,NA
0,0,0,0,NA
0,0,0,0,NA
0,0,0,0,NA
0,0,0,0,NA
0,0,0,0,NA
0,0,0,0,NA
0,0,0,0,NA
0,0,0,0,NA
0,0,0,0,NA
0,0,0,0,NA
0,0,0,0,NA
0,0,0,0,NA
0,0,0,0,NA
0,0,0,0,NA
0,0,0,0,NA
0,0,0,0,NA
0,0,0,0,NA
0,0,0,0,NA
0,0,0,0,NA
0,0,0,0,NA
0,0,0,0,NA
0,0,0,0,NA
0,0,0,0,NA
0,0,0,0,NA
0,0,0,0,NA
0,0,0,0,NA
0,0,0,0,NA
0,0,0,0,NA
0,0,0,0,NA
0,0,0,0,NA
0,0,0,0,NA
0,0,0,0,NA
0,0,0,0,NA
0,0,0,0,NA
0,0,0,0,NA
0,0,0,0,NA
0,0,0,0,NA
0,0,0,0,NA
0,0,0,0,NA
0,0,0,0,NA
0,0,0,0,NA
0,0,0,0,NA
0,0,0,0,NA
0,0,0,0,NA
0,0,0,0,NA
0,0,0,0,NA
0,0,0,0,NA
0,0,0,0,NA
0,0,0,0,NA
0,0,0,0,NA
0,0,0,0,NA
0,0,0,0,NA
0,0,0,0,NA
0,0,0,0,NA
0,0,0,0,NA
0,0,0,0,NA
0,0,0,0,NA
0,0,0,0,NA
0,0,0,0,NA
0,0,0,0,NA
0,0,0,0,NA
0,0,0,0,NA
0,0,0,0,NA
0,0,0,0,NA
0,0,0,0,NA
0,0,0,0,NA
0,0,0,0,NA
0,0,0,0,NA
0,0,0,0,NA
0,0,0,0,NA
0,0,0,0,NA
0,0,0,0,NA
0,0,0,0,NA
0,0,0,0,NA
0,0,0,0,NA
0,0,0,0,NA
0,0,0,0,NA
0,0,0,0,NA
0,0,0,0,NA
0,0,0,0,NA
0,0,0,0,NA
0,0,0,0,NA
0,0,0,0,NA
0,0,0,0,NA
0,0,0,0,NA
0,0,0,0,NA
0,0,0,0,NA
0,0,0,0,NA
0,0,0,0,NA
0,0,0,0,NA
0,0,0,0,NA
0,0,0,0,NA
0,0,0,0,NA
0,0,0,0,NA
0,0,0,0,NA
0,0,0,0,NA
0,0,0,0,NA
0,0,0,0,NA
0,0,0,0,NA
0,0,0,0,NA
0,0,0,0,NA
0,0,0,0,NA
0,0,0,0,NA
0,0,0,0,NA
0,0,0,0,NA
0,0,0,0,NA
0,0,0,0,NA
0,0,0,0,NA
0,0,0,0,NA
0,0,0,0,NA
0,0,0,0,NA
0,0,0,0,NA
0,0,0,0,NA
0,0,0,0,NA
0,0,0,0,NA
0,0,0,0,NA
0,0,0,0,NA
0,0,0,0,NA
0,0,0,0,NA
0,0,0,0,NA
0,0,0,0,NA
0,0,0,0,NA
0,0,0,0,NA
0,0,0,0,NA
0,0,0,0,NA
0,0,0,0,NA
0,0,0,0,NA
0,0,0,0,NA
0,0,0,0,NA
0,0,0,0,NA
0,0,0,0,NA
0,0,0,0,NA
0,0,0,0,NA
0,0,0,0,NA
0,0,0,0,NA
0,0,0,0,NA
0,0,0,0,NA
0,0,0,0,NA
0,0,0,0,NA
0,0,0,0,NA
0,0,0,0,NA
0,0,0,0,NA
0,0,0,0,NA
0,0,0,0,NA
0,0,0,0,NA
0,0,0,0,NA
0,0,0,0,NA
0,0,0,0,NA
0,0,0,0,NA
0,0,0,0,NA
0,0,0,0,NA
0,0,0,0,NA
0,0,0,0,NA
0,0,0,0,NA
0,0,0,0,NA
0,0,0,0,NA
0,0,0,0,NA
0,0,0,0,NA
0,0,0,0,NA
0,0,0,0,NA
0,0,0,0,NA
0,0,0,0,NA
0,0,0,0,NA
0,0,0,0,NA
0,0,0,0,NA
0,0,0,0,NA
0,0,0,0,NA
0,0,0,0,NA
0,0,0,0,NA
0,0,0,0,NA
0,0,0,0,NA
0,0,0,0,NA
0,0,0,0,NA
0,0,0,0,NA
0,0,0,0,NA
0,0,0,0,NA
0,0,0,0,NA
0,0,0,0,NA
0,0,0,0,NA
0,0,0,0,NA
0,0,0,0,NA
0,0,0,0,NA
0,0,0,0,NA
0,0,0,0,NA
0,0,0,0,NA
0,0,0,0,NA
0,0,0,0,NA
0,0,0,0,NA
0,0,0,0,NA
0,0,0,0,NA
0,0,0,0,NA
0,0,0,0,NA
0,0,0,0,NA
0,0,0,0,NA
0,0,0,0,NA
0,0,0,0,NA
0,0,0,0,NA
0,0,0,0,NA
0,0,0,0,NA
0,0,0,0,NA
0,0,0,0,NA
0,0,0,0,NA
0,0,0,0,NA
0,0,0,0,NA
0,0,0,0,NA
0,0,0,0,NA
0,0,0,0,NA
0,0,0,0,NA
0,0,0,0,NA
0,0,0,0,NA
0,0,0,0,NA
0,0,0,0,NA
0,0,0,0,NA
0,0,0,0,NA
0,0,0,0,NA
0,0,0,0,NA
0,0,0,0,NA
0,0,0,0,NA
0,0,0,0,NA
0,0,0,0,NA
0,0,0,0,NA
0,0,0,0,NA
0,0,0,0,NA
0,0,0,0,NA
0,0,0,0,NA
0,0,0,0,NA
0,0,0,0,NA
0,0,0,0,NA
0,0,0,0,NA
0,0,0,0,NA
0,0,0,0,NA
0,0,0,0,NA
0,0,0,0,NA
0,0,0,0,NA
0,0,0,0,NA
0,0,0,0,NA
0,0,0,0,NA
0,0,0,0,NA
0,0,0,0,NA
0,0,0,0,NA
0,0,0,0,NA
0,0,0,0,NA
0,0,0,0,NA
0,0,0,0,NA
0,0,0,0,NA
0,0,0,0,NA
0,0,0,0,NA
0,0,0,0,NA
0,0,0,0,NA
0,0,0,0,NA
0,0,0,0,NA
0,0,0,0,NA
0,0,0,0,NA
0,0,0,0,NA
0,0,0,0,NA
0,0,0,0,NA
0,0,0,0,NA
0,0,0,0,NA
0,0,0,0,NA
0,0,0,0,NA
0,0,0,0,NA
0,0,0,0,NA
0,0,0,0,NA
0,0,0,0,NA
0,0,0,0,NA
0,0,0,0,NA
0,0,0,0,NA
0,0,0,0,NA
0,0,0,0,NA
0,0,0,0,NA
0,0,0,0,NA
0,0,0,0,NA
0,0,0,0,NA
0,0,0,0,NA
0,0,0,0,NA
0,0,0,0,NA
0,0,0,0,NA
0,0,0,0,NA
0,0,0,0,NA
0,0,0,0,NA
0,0,0,0,NA
0,0,0,0,NA
0,0,0,0,NA
0,0,0,0,NA
0,0,0,0,NA
0,0,0,0,NA
0,0,0,0,NA
0,0,0,0,NA
0,0,0,0,NA
0,0,0,0,NA
0,0,0,0,NA
0,0,0,0,NA
0,0,0,0,NA
0,0,0,0,NA
0,0,0,0,NA
0,0,0,0,NA
0,0,0,0,NA
0,0,0,0,NA
0,0,0,0,NA
0,0,0,0,NA
0,0,0,0,NA
0,0,0,0,NA
0,0,0,0,NA
0,0,0,0,NA
0,0,0,0,NA
0,0,0,0,NA
0,0,0,0,NA
0,0,0,0,NA
0,0,0,0,NA
0,0,0,0,NA
0,0,0,0,NA
0,0,0,0,NA
0,0,0,0,NA
0,0,0,0,NA
0,0,0,0,NA
0,0,0,0,NA
0,0,0,0,NA
0,0,0,0,NA
0,0,0,0,NA
0,0,0,0,NA
0,0,0,0,NA
0,0,0,0,NA
0,0,0,0,NA
0,0,0,0,NA
0,0,0,0,NA
0,0,0,0,NA
0,0,0,0,NA
0,0,0,0,NA
0,0,0,0,NA
0,0,0,0,NA
0,0,0,0,NA
0,0,0,0,NA
0,0,0,0,NA
0,0,0,0,NA
0,0,0,0,NA
0,0,0,0,NA
0,0,0,0,NA
0,0,0,0,NA
0,0,0,0,NA
0,0,0,0,NA
0,0,0,0,NA
0,0,0,0,NA
0,0,0,0,NA
0,0,0,0,NA
0,0,0,0,NA
0,0,0,0,NA
0,0,0,0,NA
0,0,0,0,NA
0,0,0,0,NA
0,0,0,0,NA
0,0,0,0,NA
0,0,0,0,NA
0,0,0,0,NA
0,0,0,0,NA
0,0,0,0,NA
0,0,0,0,NA
0,0,0,0,NA
0,0,0,0,NA
0,0,0,0,NA
0,0,0,0,NA
0,0,0,0,NA
0,0,0,0,NA
0,0,0,0,NA
0,0,0,0,NA
0,0,0,0,NA
0,0,0,0,NA
0,0,0,0,NA
0,0,0,0,NA
0,0,0,0,NA
0,0,0,0,NA
0,0,0,0,NA
0,0,0,0,NA
0,0,0,0,NA
0,0,0,0,NA
0,0,0,0,NA
0,0,0,0,NA
0,0,0,0,NA
0,0,0,0,NA
0,0,0,0,NA
0,0,0,0,NA
0,0,0,0,NA
0,0,0,0,NA
0,0,0,0,NA
0,0,0,0,NA
0,0,0,0,NA
0,0,0,0,NA
0,1,0,0,NA
0,1,0,0,NA
0,1,0,0,NA
0,1,0,0,NA
0,1,0,0,NA
0,1,0,0,NA
0,1,0,0,NA
0,1,0,0,NA
0,1,0,0,NA
0,1,0,0,NA
0,1,0,0,NA
0,1,0,0,NA
0,1,0,0,NA
0,1,0,0,NA
0,1,0,0,NA
0,1,0,0,NA
0,1,0,0,NA
0,1,0,0,NA
0,1,0,0,NA
0,1,0,0,NA
0,1,0,0,NA
1,1,0,0,NA
1,1,0,0,NA
1,1,0,0,NA
1,1,0,0,NA
1,1,0,0,NA
1,1,0,0,NA
1,1,0,0,NA
1,1,0,0,NA
1,1,0,0,NA
1,1,0,0,NA
1,1,0,0,NA
1,1,0,0,NA
1,1,0,0,NA
1,1,0,0,NA
1,1,0,0,NA
1,1,0,0,NA
1,1,0,0,NA
1,1,0,0,NA
1,1,0,0,NA
1,1,0,0,NA
1,1,0,0,NA
1,1,0,0,NA
1,1,0,0,NA
1,1,0,0,NA
1,1,0,0,NA
1,1,0,0,NA
1,1,0,0,NA
1,1,0,0,NA
1,1,0,0,NA
1,1,0,0,NA
1,1,0,0,NA
1,1,0,0,NA
1,1,0,0,NA
1,1,0,0,NA
1,1,0,0,NA
1,1,0,0,NA
1,1,0,0,NA
1,1,0,0,NA
1,1,0,0,NA
1,1,0,0,NA
1,1,0,0,NA
1,1,0,0,NA
1,1,0,0,NA
1,1,0,0,NA
1,1,0,0,NA
1,1,0,0,NA
1,1,0,0,NA
1,1,0,0,NA
1,1,0,0,NA
1,1,0,0,NA
1,1,0,0,NA
1,1,0,0,NA
1,1,0,0,NA
1,1,0,0,NA
1,1,0,0,NA
1,1,0,0,NA
1,1,0,0,NA
1,1,0,0,NA
1,1,0,0,NA
1,1,0,0,NA
1,1,0,0,NA
1,1,0,0,NA
1,1,0,0,NA
1,1,0,0,NA
1,1,0,0,NA
1,1,0,0,NA
1,1,0,0,NA
1,1,0,0,NA
1,1,0,0,NA
1,1,0,0,NA
1,1,0,0,NA
1,1,0,0,NA
1,1,0,0,NA
1,1,0,0,NA
1,1,0,0,NA
1,1,0,0,NA
1,1,0,0,NA
1,1,0,0,NA
1,1,0,0,NA
1,1,0,0,NA
1,1,0,0,NA
1,1,0,0,NA
1,1,0,0,NA
1,1,0,0,NA
1,1,0,0,NA
1,1,0,0,NA
1,1,0,0,NA
1,1,0,0,NA
1,1,0,0,NA
1,1,0,0,NA
1,1,0,0,NA
1,1,0,0,NA
1,1,0,0,NA
1,1,0,0,NA
1,1,0,0,NA
1,1,0,0,NA
1,1,0,0,NA
1,1,0,0,NA
1,1,0,0,NA
1,1,0,0,NA
1,1,0,0,NA
1,1,0,0,NA
1,1,0,0,NA
1,1,0,0,NA
1,1,0,0,NA
1,1,0,0,NA
1,1,0,0,NA
1,1,0,0,NA
1,1,0,0,NA
1,1,0,0,NA
1,1,0,0,NA
1,1,0,0,NA
1,1,0,0,NA
1,1,0,0,NA
1,1,0,0,NA
1,1,0,0,NA
1,1,0,0,NA
1,1,0,0,NA
1,1,0,0,NA
1,1,0,0,NA
1,1,0,0,NA
1,1,0,0,NA
1,1,0,0,NA
1,1,0,0,NA
1,1,0,0,NA
1,1,0,0,NA
1,1,0,0,NA
1,1,0,0,NA
1,1,0,0,NA
1,1,0,0,NA
1,1,0,0,NA
1,1,0,0,NA
1,1,0,0,NA
1,1,0,0,NA
1,1,0,0,NA
1,1,0,0,NA
1,1,0,0,NA
1,1,0,0,NA
1,1,0,0,NA
1,1,0,0,NA
1,1,0,0,NA
1,1,0,0,NA
1,1,0,0,NA
1,1,0,0,NA
1,1,0,0,NA
1,1,0,0,NA
1,1,0,0,NA
1,1,0,0,NA
1,1,0,0,NA
1,1,0,0,NA
1,1,0,0,NA
1,1,0,0,NA
1,1,0,1,NA
1,1,0,1,NA
1,1,0,1,NA
1,1,0,1,NA
1,1,0,1,NA
1,1,0,1,NA
1,1,0,1,NA
1,1,0,1,NA
1,1,0,1,NA
1,1,0,1,NA
1,1,0,1,NA
1,1,0,1,NA
1,1,0,1,NA
1,1,0,1,NA
1,1,0,1,NA
1,1,0,1,NA
1,1,0,1,NA
1,1,0,1,NA
1,1,0,1,NA
1,1,0,1,NA
1,1,0,1,NA
1,1,0,1,NA
1,1,0,1,NA
1,1,0,1,NA
1,1,0,1,NA
1,1,0,1,NA
1,1,0,1,NA
1,1,0,1,NA
1,1,0,1,NA
1,1,0,1,NA
1,1,0,1,NA
1,1,0,1,NA
1,1,0,1,NA
1,1,0,1,NA
1,1,0,1,NA
1,1,0,1,NA
1,1,0,1,NA
1,1,0,1,NA
1,1,0,1,NA
1,1,0,1,NA
1,1,0,1,NA
1,1,0,1,NA
1,1,0,1,NA
1,1,0,1,NA
1,1,0,1,NA
1,1,0,1,NA
1,1,0,1,NA
1,1,0,1,NA
1,1,0,1,NA
1,1,0,1,NA
1,1,0,1,NA
1,1,0,1,NA
1,1,0,1,NA
1,1,0,1,NA
1,1,0,1,NA
1,1,0,1,NA
1,1,0,1,NA
1,1,0,1,NA
1,1,0,1,NA
1,1,0,1,NA
1,1,0,1,NA
1,1,0,1,NA
1,1,0,1,NA
1,1,0,1,NA
1,1,0,1,NA
1,1,0,1,NA
1,1,0,1,NA
1,1,0,1,NA
1,1,1,1,NA
1,1,1,1,NA
1,1,1,1,NA
1,1,1,1,NA
1,1,1,1,NA
1,1,1,1,NA
1,1,1,1,NA
1,1,1,1,NA
1,1,1,1,NA
1,1,1,1,NA
1,1,1,1,NA
1,1,1,1,NA
1,1,1,1,NA
1,1,1,1,NA
1,1,1,1,NA
1,1,1,1,NA
1,1,1,1,NA
1,1,1,1,NA
1,1,1,1,NA
1,1,1,1,NA
1,1,1,1,NA
1,1,1,1,NA
1,1,1,1,NA
1,1,1,1,NA
1,1,1,1,NA
1,1,1,1,NA
1,1,1,1,NA
1,1,1,1,NA
1,1,1,1,NA
1,1,1,1,NA
1,1,1,1,NA
1,1,1,1,NA
1,1,1,1,NA
1,1,1,1,NA
1,1,1,1,NA
1,1,1,1,NA
1,1,1,1,NA
1,1,1,1,NA
1,1,1,1,NA
1,1,1,1,NA
1,1,1,1,NA
1,1,1,1,NA
1,1,1,1,NA
1,1,1,1,NA
1,1,1,1,NA
1,1,1,1,NA
1,1,1,1,NA
1,1,1,1,NA
1,1,1,1,NA
1,1,1,1,NA
1,1,1,1,NA
1,1,1,1,NA
1,1,1,1,NA
1,1,1,1,NA
1,1,1,1,NA
1,1,1,1,NA
1,1,1,1,NA
1,1,1,1,NA
1,1,1,1,NA
1,1,1,1,NA
1,1,1,1,NA
1,1,1,1,NA
1,1,1,1,NA
1,1,1,1,NA
1,1,1,1,NA
1,1,1,1,NA
1,1,1,1,NA
1,1,1,1,NA
1,1,1,1,NA
1,1,1,1,NA
1,1,1,1,NA
1,1,1,1,NA
1,1,1,1,NA
1,1,1,1,NA
1,1,1,1,NA
1,1,1,1,NA
1,1,1,1,NA
1,1,1,1,NA
1,1,1,1,NA
1,1,1,1,NA
1,1,1,1,NA
1,1,1,1,NA
1,1,1,1,NA
1,1,1,1,NA
1,1,1,1,NA
1,1,1,1,NA
1,1,1,1,NA
1,1,1,1,NA
1,1,1,1,NA
1,1,1,1,NA
1,1,1,1,NA
1,1,1,1,NA
1,1,1,1,NA
1,1,1,1,NA
1,1,1,1,NA
1,1,1,1,NA
1,1,1,1,NA
1,1,1,1,NA
1,1,1,1,NA
1,1,1,1,NA
1,1,1,1,NA
1,1,1,1,NA
1,1,1,1,NA
1,1,1,1,NA
1,1,1,1,NA
1,1,1,1,NA
1,1,1,1,NA
1,1,1,1,NA
1,1,1,1,NA
1,1,1,1,NA
1,1,1,1,NA
1,1,1,1,NA
1,1,1,1,NA
1,1,1,1,NA
1,1,1,1,NA
1,1,1,1,NA
1,1,1,1,NA
1,1,1,1,NA
1,1,1,1,NA
1,1,1,1,NA
1,1,1,1,NA
1,1,1,1,NA
1,1,1,1,NA
1,1,1,1,NA
1,1,1,1,NA
1,1,1,1,NA
1,1,1,1,NA
1,1,1,1,NA
1,1,1,1,NA
1,1,1,1,NA
1,1,1,1,NA
1,1,1,1,NA
1,1,1,1,NA
1,1,1,1,NA
1,1,1,1,NA
1,1.4142,1,1,NA
1,1.4142,1,1,NA
1,1.4142,1,1,NA
1,1.4142,1,1,NA
1,1.4142,1,1,NA
1,1.4142,1,1,NA
1,1.4142,1,1,NA
1,1.4142,1,1,NA
1,1.4142,1,1,NA
1,1.4142,1,1,NA
1,1.4142,1,1,NA
1,1.4142,1,1,NA
1,1.4142,1,1,NA
1,1.4142,1,1,NA
1,1.4142,1,1,NA
1,1.4142,1,1,NA
1,1.4142,1,1,NA
1,1.4142,1,1,NA
1,1.4142,1,1,NA
1,1.4142,1,1,NA
1,1.4142,1,1,NA
1,1.4142,1,1,NA
1,1.4142,1,1,NA
1,1.4142,1,1,NA
1,1.4142,1,1,NA
1,1.4142,1,1,NA
1,1.4142,1,1,NA
1,1.4142,1,1,NA
1,1.4142,1,1,NA
1,1.4142,1,1,NA
1,1.4142,1,1,NA
1,1.4142,1,1,NA
1,1.4142,1,1,NA
1,1.4142,1,1,NA
1,1.4142,1,1,NA
1,1.4142,1,1,NA
1,1.4142,1,1,NA
1,1.4142,1,1,NA
1,1.4142,1,1,NA
1,1.4142,1,1,NA
1,1.4142,1,1,NA
1,1.4142,1,1,NA
1,1.4142,1,1,NA
1,1.4142,1,1,NA
1,1.4142,1,1,NA
1,1.4142,1,1,NA
1,1.4142,1,1,NA
1,1.4142,1,1,NA
1,1.4142,1,1,NA
1,1.4142,1,1,NA
1,1.4142,1,1,NA
1,1.4142,1,1,NA
1,1.4142,1,1,NA
1,1.4142,1,1,NA
1,1.4142,1,1,NA
1,1.4142,1,1,NA
1,1.4142,1,1,NA
1,1.4142,1,1,NA
1,1.4142,1,1,NA
1,1.4142,1,1,NA
1,1.4142,1,1,NA
1,1.4142,1,1,NA
1,1.4142,1,1,NA
1,1.4142,1,1,NA
1,1.4142,1,1,NA
1,1.4142,1,1,NA
1,1.4142,1,1,NA
1.4142,1.4142,1,1,NA
1.4142,1.4142,1,1,NA
1.4142,1.4142,1,1,NA
1.4142,1.4142,1,1,NA
1.4142,1.4142,1,1,NA
1.4142,1.4142,1,1,NA
1.4142,1.4142,1,1,NA
1.4142,1.4142,1,1,NA
1.4142,1.4142,1,1,NA
1.4142,1.4142,1,1,NA
1.4142,1.4142,1,1,NA
1.4142,1.4142,1,1,NA
1.4142,1.4142,1,1,NA
1.4142,1.4142,1,1,NA
1.4142,1.4142,1,1,NA
1.4142,2,1,1,NA
1.4142,2,1,1,NA
1.4142,2,1,1,NA
1.4142,2,1,1,NA
1.4142,2,1,1,NA
1.4142,2,1,1,NA
1.4142,2,1,1,NA
1.4142,2,1,1,NA
1.4142,2,1,1,NA
1.4142,2,1,1,NA
1.4142,2,1,1,NA
1.4142,2,1,1,NA
1.4142,2,1,1,NA
1.4142,2,1,1,NA
1.4142,2,1,1,NA
1.4142,2,1,1,NA
1.4142,2,1,1,NA
1.4142,2,1,1,NA
1.4142,2,1,1,NA
1.4142,2,1,1,NA
1.4142,2,1,1,NA
1.4142,2,1,1,NA
1.4142,2,1,1,NA
1.4142,2,1,1,NA
1.4142,2,1,1,NA
1.4142,2,1,1,NA
1.4142,2,1,1,NA
1.4142,2,1,1,NA
1.4142,2,1,1,NA
1.4142,2,1,1.4142,NA
1.4142,2,1,1.4142,NA
1.4142,2,1,1.4142,NA
1.4142,2,1,1.4142,NA
1.4142,2,1,1.4142,NA
1.4142,2,1,1.4142,NA
1.4142,2,1,1.4142,NA
1.4142,2,1,1.4142,NA
1.4142,2,1,1.4142,NA
1.4142,2,1,1.4142,NA
1.4142,2,1,1.4142,NA
1.4142,2,1,1.4142,NA
1.4142,2,1,1.4142,NA
1.4142,2,1,1.4142,NA
1.4142,2,1,1.4142,NA
1.4142,2,1,1.4142,NA
1.4142,2,1,1.4142,NA
1.4142,2,1,1.4142,NA
1.4142,2,1,1.4142,NA
1.4142,2,1,1.4142,NA
1.4142,2,1,1.4142,NA
1.4142,2,1,1.4142,NA
1.4142,2,1,1.4142,NA
1.4142,2,1,1.4142,NA
1.4142,2,1,1.4142,NA
1.4142,2,1,1.4142,NA
1.4142,2,1,1.4142,NA
1.4142,2,1,1.4142,NA
1.4142,2,1,1.4142,NA
2,2,1,1.4142,NA
2,2,1,1.4142,NA
2,2,1,1.4142,NA
2,2,1,1.4142,NA
2,2,1,1.4142,NA
2,2,1,1.4142,NA
2,2,1,1.4142,NA
2,2,1,1.4142,NA
2,2,1,1.4142,NA
2,2,1.4142,1.4142,NA
2,2,1.4142,1.4142,NA
2,2,1.4142,1.4142,NA
2,2,1.4142,1.4142,NA
2,2,1.4142,1.4142,NA
2,2,1.4142,1.4142,NA
2,2,1.4142,1.4142,NA
2,2,1.4142,1.4142,NA
2,2,1.4142,1.4142,NA
2,2,1.4142,1.4142,NA
2,2,1.4142,1.4142,NA
2,2,1.4142,1.4142,NA
2,2,1.4142,1.4142,NA
2,2,1.4142,1.4142,NA
2,2,1.4142,1.4142,NA
2,2,1.4142,1.4142,NA
2,2,1.4142,1.4142,NA
2,2,1.4142,1.4142,NA
2,2,1.4142,1.4142,NA
2,2,1.4142,1.4142,NA
2,2,1.4142,1.4142,NA
2,2,1.4142,1.4142,NA
2,2,1.4142,1.4142,NA
2,2,1.4142,1.4142,NA
2,2,1.4142,1.4142,NA
2,2,1.4142,2,NA
2,2,1.4142,2,NA
2,2,1.4142,2,NA
2,2,1.4142,2,NA
2,2,1.4142,2,NA
2,2,1.4142,2,NA
2,2,1.4142,2,NA
2,2.2361,1.4142,2,NA
2,2.8284,1.4142,2,NA
2,3,1.4142,2,NA
2,4.4721,1.4142,2,NA
2,4.4721,1.4142,2,NA
2,4.4721,1.4142,2,NA
2,5.831,1.4142,2,NA
2,5.831,1.4142,2,NA
2,9.4868,1.4142,2,NA
2,10,1.4142,2,NA
2,10.198,1.4142,2,NA
2,10.7703,1.4142,2,NA
2,10.8167,1.4142,2,NA
2,11.1803,1.4142,2,NA
2,11.4018,1.4142,2,NA
2,13.3417,1.4142,2,NA
2,13.6015,1.4142,2,NA
2,15.0333,1.4142,2,NA
2,15.8114,1.4142,2,NA
2,16,1.4142,2,NA
2,16.0312,1.4142,2,NA
2,16.1245,1.4142,2,NA
2,16.6433,1.4142,2,NA
2,20.025,1.4142,2,NA
2,20.3961,1.4142,2,NA
2,23.5372,1.4142,2,NA
2,23.7697,1.4142,2,NA
2,24.2074,1.4142,2,NA
2,24.8395,1.4142,2,NA
2,25,1.4142,2,NA
2,25.9422,1.4142,2,NA
2,26,1.4142,2,NA
2,NA,1.4142,2,NA
2,NA,1.4142,2,NA
2,NA,1.4142,2,NA
2.2361,NA,1.4142,2,NA
2.2361,NA,2,2,NA
2.2361,NA,2,2,NA
2.2361,NA,2,2,NA
2.8284,NA,2,2,NA
2.8284,NA,2,2,NA
2.8284,NA,2,2,NA
3,NA,2,2,NA
3,NA,2,2,NA
4,NA,2,2,NA
4,NA,2,2,NA
4.2426,NA,2,2,NA
4.2426,NA,2,2,NA
5.099,NA,2,2,NA
5.099,NA,2,2,NA
5.3852,NA,2,2,NA
5.3852,NA,2,2,NA
5.6569,NA,2,2,NA
5.831,NA,2,2,NA
6.0828,NA,2,2,NA
6.0828,NA,2,2,NA
6.4031,NA,2,2,NA
12.0416,NA,2,2,NA
13.6015,NA,2,2,NA
13.9284,NA,2,2,NA
13.9284,NA,2,2,NA
14.5602,NA,2,2,NA
15.5242,NA,2,2,NA
16.6433,NA,2,2,NA
16.6433,NA,2,2,NA
19.2354,NA,2,2,NA
19.6977,NA,2,2,NA
23.0868,NA,2,2,NA
23.5372,NA,2,2,NA
24.3516,NA,2,2,NA
26.2488,NA,2,2,NA
26.6271,NA,2,2,NA
26.9072,NA,2,2,NA
27.074,NA,2,2,NA
28.3196,NA,2,2.2361,NA
NA,NA,2,2.2361,NA
NA,NA,2,2.2361,NA
NA,NA,2,2.2361,NA
NA,NA,2,2.2361,NA
NA,NA,2,2.8284,NA
NA,NA,2,2.8284,NA
NA,NA,2,2.8284,NA
NA,NA,2,2.8284,NA
NA,NA,2,2.8284,NA
NA,NA,2,3,NA
NA,NA,2,3,NA
NA,NA,2,3.1623,NA
NA,NA,2,3.1623,NA
NA,NA,2,3.1623,NA
NA,NA,2,3.6056,NA
NA,NA,2,4.4721,NA
NA,NA,2,4.4721,NA
NA,NA,2,5.3852,NA
NA,NA,2,6,NA
NA,NA,2,6.0828,NA
NA,NA,2,7.0711,NA
NA,NA,2,7.2111,NA
NA,NA,2,7.2801,NA
NA,NA,2,7.8102,NA
NA,NA,2,8.0623,NA
NA,NA,2,8.0623,NA
NA,NA,2,8.6023,NA
NA,NA,2,8.9443,NA
NA,NA,2,8.9443,NA
NA,NA,2,8.9443,NA
NA,NA,2,9.434,NA
NA,NA,2,9.8489,NA
NA,NA,2,10,NA
NA,NA,2,10,NA
NA,NA,2,10.6301,NA
NA,NA,2,11,NA
NA,NA,2,12.083,NA
NA,NA,2,12.083,NA
NA,NA,2,12.53,NA
NA,NA,2,12.53,NA
NA,NA,2,12.8062,NA
NA,NA,2,13.3417,NA
NA,NA,2,15.6525,NA
NA,NA,2,15.8114,NA
NA,NA,2,16.2788,NA
NA,NA,2,19.0263,NA
NA,NA,2,19.3132,NA
NA,NA,2,21.1896,NA
NA,NA,2,21.5407,NA
NA,NA,2,22.2036,NA
NA,NA,2,22.6716,NA
NA,NA,2,24.7588,NA
NA,NA,2,25.0799,NA
NA,NA,2,25.9422,NA
NA,NA,2,26,NA
NA,NA,2,26.4008,NA
NA,NA,2,27.0185,NA
NA,NA,2,28.0179,NA
NA,NA,2,29.1204,NA
NA,NA,2,29.7321,NA
NA,NA,2,30,NA
NA,NA,2,NA,NA
NA,NA,2,NA,NA
NA,NA,2,NA,NA
NA,NA,2,NA,NA
NA,NA,2.8284,NA,NA
NA,NA,3,NA,NA
NA,NA,3,NA,NA
NA,NA,3,NA,NA
NA,NA,3.1623,NA,NA
NA,NA,3.1623,NA,NA
NA,NA,3.6056,NA,NA
NA,NA,4,NA,NA
NA,NA,4.1231,NA,NA
NA,NA,4.2426,NA,NA
NA,NA,5.831,NA,NA
NA,NA,6.7082,NA,NA
NA,NA,7,NA,NA
NA,NA,7,NA,NA
NA,NA,7.0711,NA,NA
NA,NA,8,NA,NA
NA,NA,8.0623,NA,NA
NA,NA,9.2195,NA,NA
NA,NA,10.8167,NA,NA
NA,NA,12.083,NA,NA
NA,NA,15.1327,NA,NA
NA,NA,16.7631,NA,NA
NA,NA,16.9706,NA,NA
NA,NA,17.0294,NA,NA
NA,NA,17.4929,NA,NA
NA,NA,18.4391,NA,NA
NA,NA,20.8087,NA,NA
NA,NA,21.4009,NA,NA
NA,NA,21.6333,NA,NA
NA,NA,22.8254,NA,NA
NA,NA,24.5967,NA,NA
NA,NA,26.9258,NA,NA
NA,NA,27.0185,NA,NA
NA,NA,27.5862,NA,NA
NA,NA,27.7849,NA,NA
NA,NA,27.8029,NA,NA
